Name,Germline,BARCODE,CDR1_NT,CDR2_NT,CDR3_NT,CDR1_AA,CDR2_AA,DNA seq,Amino acid seq
VH1-46,human VH1-46,GGTATTATCAAACCATCTGGTGGTTCTACTTCT,GGTTATACTTTTACGTCTTACTAT,ATCAAACCATCTGGTGGTTCTACT,,GYTFTSYY,IKPSGGST,CAAGTTCAATTGGTTCAATCTGGGGCTGAAGTTAAAAAGCCAGGTGCATCTGTTAAAGTTTCTTGTAAAGCTTCTGGTTATACTTTTACGTCTTACTATATGCATTGGGTTAGACAAGCTCCAGGTCAAGGTTTGGAATGGATGGGTATTATCAAACCATCTGGTGGTTCTACTTCTTATGCTCAAAAATTCCAAGGTAGAGTTACTATGACCAGGGACACTTCCACATCCACAGTTTATATGGAATTGTCTTCTTTGAGATCTGAAGACACTGCAGTCTACTACTGCGCCAGA,QVQLVQSGAEVKKPGASVKVSCKASGYTFTSYYMHWVRQAPGQGLEWMGIIKPSGGSTSYAQKFQGRVTMTRDTSTSTVYMELSSLRSEDTAVYYC
H1-69,human VH1-69,GGTGGTATTATTCCAATTTTTGGTACTGCTAAT,GGTGGTACTTTTTCTTCTTATGCT,ATTATTCCAATTTTTGGTACTGCT,,GGTFSSYA ,IIPIFGTA,CAAGTTCAATTGGTTCAATCTGGTGCTGAAGTTAAAAAGCCTGGTTCTTCTGTTAAGGTTTCTTGTAAAGCTTCTGGTGGTACTTTTTCTTCTTATGCTATTTCTTGGGTTAGACAAGCTCCAGGTCAAGGTTTGGAATGGATGGGTGGTATTATTCCAATTTTTGGTACTGCTAATTATGCTCAAAAGTTTCAAGGTAGAGTTACTATAACAGCGGATGAATCCACATCCACTGCTTATATGGAATTGTCTTCTTTGAGATCTGAAGACACTGCAGTCTACTACTGCGCCAGA,QVQLVQSGAEVKKPGSSVKVSCKASGGTFSSYAISWVRQAPGQGLEWMGGIIPIFGTANYAQKFQGRVTITADESTSTAYMELSSLRSEDTAVYYC
H3-15,human VH3-15,GTATTAAGAGTAAAACCGATGGTGGTACTACTGAT,GGTTTCACTTTTTCTAATGCTTGG,ATTAAGAGTAAAACCGATGGTGGTACTACT,,GFTFSNAW,IKSKTDGGTT,GAAGTTCAATTGGTTGAATCTGGTGGTGGATTGGTTAAACCAGGTGGTTCCTTGAGATTGTCTTGTGCTGCTTCTGGTTTCACTTTTTCTAATGCTTGGATGTCTTGGGTTAGACAAGCTCCAGGTAAAGGTTTGGAATGGGTGGGTCGTATTAAGAGTAAAACCGATGGTGGTACTACTGATTATGCTGCTCCAGTTAAAGGTAGATTTACTATCTCCAGGGACGACTCCAAGAACACTTTGTATCTGCAAATGAATTCTTTGAAAACTGAAGACACTGCAGTCTACTACTGCGCCAGA,EVQLVESGGGLVKPGGSLRLSCAASGFTFSNAWMSWVRQAPGKGLEWVGRIKSKTDGGTTDYAAPVKGRFTISRDDSKNTLYLQMNSLKTEDTAVYYC
H3-23_A,human VH3-23,TCTTATATATCTTCATCTGGTTCTACTATTTAT,GGTTTTACTTTTTCTTCTTATGCT,ATATCTTCATCTGGTTCTACTATT,,GFTFSSYA ,ISSSGSTI,GAAGTTCAATTGTTGGAATCAGGTGGTGGGTTGGTTCAACCAGGGGGTTCTTTGCGTTTGTCTTGTGCTGCTTCTGGTTTTACTTTTTCTTCTTATGCTATGTCTTGGGTCAGGCAAGCTCCAGGCAAGGGTTTGGAGTGGGTGTCTTATATATCTTCATCTGGTTCTACTATTTATTATGCTGATTCTGTTAAAGGTAGATTTACTATTTCTAGAGATAATTCCAAAAATACTTTGTACTTGCAAATGAATTCTTTGAGAGCTGAGGACACTGCAGTCTACTAC,EVQLLESGGGLVQPGGSLRLSCAASGFTFSSYAMSWVRQAPGKGLEWVSYISSSGSTIYYADSVKGRFTISRDNSKNTLYLQMNSLRAEDTAVYYC
H3-7_A,human VH3-7,GCTAATATCAAACAAGAAGGTTCTGAAAAGTAT,GGTTTTACTTTTTCTTCTTATTGG,ATCAAACAAGAAGGTTCTGAAAAG,,GFTFSSYW ,IKQEGSEK,GAAGTTCAATTAGTTGAATCTGGTGGTGGTTTGGTTCAACCAGGTGGTTCTTTGAGATTGTCTTGTGCTGCTTCTGGTTTTACTTTTTCTTCTTATTGGATGTCTTGGGTTAGACAAGCTCCAGGTAAAGGTTTGGAATGGGTTGCTAATATCAAACAAGAAGGTTCTGAAAAGTATTATGTTGATTCTGTTAAAGGTAGATTCACTATCTCCAGGGATAATGCCAAGAACTCATTGTATTTGCAGATGAATTCCTTGAGAGCTGAAGACACTGCAGTCTACTAC,EVQLVESGGGLVQPGGSLRLSCAASGFTFSSYWMSWVRQAPGKGLEWVANIKQEGSEKYYVDSVKGRFTISRDNAKNSLYLQMNSLRAEDTAVYYC
H4-34,human VH4-34,AAATCAATCACTCTGGTTCCACCAAC,GGTGGTTCTTTCTCCGGTTACTCT,ATCAATCACTCTGGTTCCACC,,GGSFSGYS,INHSGST,CAAGTCCAATTGCAACAATGGGGTGCTGGTTTATTGAAGCCATCTGAAACTTTGTCCTTGACTTGTGCTGTCTACGGTGGTTCTTTCTCCGGTTACTCTTGGTCTTGGATCAGACAACCACCAGGTAAGGGTTTGGAATGGATTGGTGAAATCAATCACTCTGGTTCCACCAACTACAACCCAAGTCTAAAATCACGTGTCACCATTTCCGTTGACACTTCCAAGAACCAATTCTCTTTGAAGTTGTCTTCTGTTACCGCCGCTGATACTGCTGTTTATTAC,QVQLQQWGAGLLKPSETLSLTCAVYGGSFSGYSWSWIRQPPGKGLEWIGEINHSGSTNYNPSLKSRVTISVDTSKNQFSLKLSSVTAADTAVYYC
H4-39,human VH4-39,GGTTCTATATACTATTCTGGTTCAACTTAT,GGTGGTTCCATTAGCTCTTCTTCTTATTAC,ATATACTATTCTGGTTCAACT,,GGSISSSSYY ,IYYSGST,CAATTGCAGTTGCAAGAATCTGGTCCAGGTCTTGTTAAACCATCTGAAACTTTGTCTTTGACTTGTACTGTTTCTGGTGGTTCCATTAGCTCTTCTTCTTATTACTGGGGTTGGATTAGACAACCCCCAGGTAAAGGTTTGGAATGGATTGGTTCTATATACTATTCTGGTTCAACTTATTATGCTCCATCCTTGAAATCTAGAGTTACTATCTCCGTGGACACTTCCAAGAACCAATTTTCTTTGAAATTGTCTTCTGTTACTGCTGCTGACACTGCAGTCTACTACTGCGCCAGA,QLQLQESGPGLVKPSETLSLTCTVSGGSISSSSYYWGWIRQPPGKGLEWIGSIYYSGSTYYAPSLKSRVTISVDTSKNQFSLKLSSVTAADTAVYYCAR
H5-51,human VH5-51,GGTATAATCTACCCCGGTGATTCTGATACTAGA,GGTTATTCTTTTACTTCTTATTGG,ATCTACCCCGGTGATTCTGATACT,,GYSFTSYW ,IYPGDSDT,GAAGTTCAATTGGTTCAATCTGGTGCTGAAGTCAAAAAACCAGGTGAATCTTTGAAAATTTCTTGCAAAGGTTCTGGTTATTCTTTTACTTCTTATTGGATTGGTTGGGTTAGACAAATGCCAGGTAAAGGTTTGGAATGGATGGGTATAATCTACCCCGGTGATTCTGATACTAGATATTCTCCATCTTTTCAAGGTCAAGTTACTATCTCCGCAGACAAGTCCATATCCACTGCTTATTTGCAATGGTCTTCTTTGAAGGCTAGTGACACTGCAGTCTACTACTGCGCCAGA,EVQLVQSGAEVKKPGESLKISCKGSGYSFTSYWIGWVRQMPGKGLEWMGIIYPGDSDTRYSPSFQGQVTISADKSISTAYLQWSSLKASDTAVYYCAR
H5-51_A,human VH5-51,TAATCTACCCCGGTTATTCTGATACTAGA,GGTTATTCTTTTACTTCTTATTGG,ATCTACCCCGGTTATTCTGATACT,,GYSFTSYW,IYPGYSDT ,GAAGTTCAATTGGTTCAATCTGGTGCTGAAGTCAAAAAACCAGGTGAATCTTTGAAAATTTCTTGCAAAGGTTCTGGTTATTCTTTTACTTCTTATTGGATTGGTTGGGTTAGACAAATGCCAGGTAAAGGTTTGGAATGGATGGGTATAATCTACCCCGGTTATTCTGATACTAGATATTCTCCATCTTTTCAAGGTCAAGTTACTATCTCCGCAGACAAGTCCATATCCACTGCTTATTTGCAATGGTCTTCTTTGAAGGCTAGTGACACTGCAGTCTACTAC,EVQLVQSGAEVKKPGESLKISCKGSGYSFTSYWIGWVRQMPGKGLEWMGIIYPGYSDTRYSPSFQGQVTISADKSISTAYLQWSSLKASDTAVYYC
IPI-VHH-101,camelized Human VH3-23,GTGCCATTTCGGGTTCCGGTGGTAGCACCTAC,GGTTTCACCTTTAGCAGCGATGCT,ATTTCGGGTTCCGGTGGTAGCACC,,GFTFSSDA,ISGSGGST,GAAGTTCAATTGGTTGAATCTGGTGGTGGCCTGGTGCAACCAGGTGGTTCTTTGAGACTGAGCTGTGCAGCAAGTGGTTTCACCTTTAGCAGCGATGCTATGGGCTGGTACCGTCAGGCACCGGGTAAAGAACGTGAATTAGTCTGTGCCATTTCGGGTTCCGGTGGTAGCACCTACTATGCTGATAGCGTTAAAGGTCGTTTTACCTGCTCTAGAGACAACTCCAAGAACACTTTATATCTGCAGATGAATAGCCTGCGTGCTGAAGATACTGCAGTCTACTACTGTGCAAGGGGTTATGGAATGgacgtatggggacaaggtactttggtcacggtatccagt,EVQLVESGGGLVQPGGSLRLSCAASGFTFSSDAMGWYRQAPGKERELVCAISGSGGSTYYADSVKGRFTCSRDNSKNTLYLQMNSLRAEDTAVYYCARGYGMDVWGQGTLVTVSS
K1-39,human VK1-39,GTCACGGTATCC,CAATCTATTTCTAGCTAT,GCAGCTTCT,,QSISSY ,AAS,GATATACAAATGACTCAGTCTCCATCTTCTTTGTCTGCTTCTGTTGGTGATAGAGTTACTATTACTTGTAGAGCTTCTCAATCTATTTCTAGCTATTTGAATTGGTATCAGCAAAAACCAGGGAAAGCTCCAAAATTGCTAATTTACGCAGCTTCTAGTTTACAATCTGGTGTTCCAAGTAGATTTTCTGGCTCTGGTTCTGGAACTGATTTTACTTTGACTATTAGCTCTTTGCAACCAGAAGATTTTGCTACTTATTACTGTCAACAATCTTATTCTACTCCATATACTTTTGGTCAAGGTACTAAATTGGAAATTAAG,DIQMTQSPSSLSASVGDRVTITCRASQSISSYLNWYQQKPGKAPKLLIYAASSLQSGVPSRFSGSGSGTDFTLTISSLQPEDFATYYCQQSYSTPYTFGQGTKLEIK
K3-15,human VK3-15,TGACAGTCTCG,CAATCTGTGTCTAGTAAT,GGTGCTTCT,,QSVSSN,GAS,GAAATTGTTATGACACAATCCCCAGCTACTTTGTCAGTTTCACCTGGTGAAAGGGCTACCTTGTCTTGTAGAGCTTCTCAATCTGTGTCTAGTAATCTAGCTTGGTATCAACAAAAACCAGGTCAAGCTCCCAGATTGCTTATCTATGGTGCTTCTACTAGAGCTACGGGTATTCCAGCCAGATTTTCTGGTTCAGGTTCTGGTACTGAATTTACTTTGACTATTTCCAGCTTACAGTCAGAAGATTTCGCTGTATACTATTGTCAACAATACAATAATTGGCCATTGACTTTTGGTCAAGGTACTAAATTGGAAATTAAG,EIVMTQSPATLSVSPGERATLSCRASQSVSSNLAWYQQKPGQAPRLLIYGASTRATGIPARFSGSGSGTEFTLTISSLQSEDFAVYYCQQYNNWPLTFGQGTKLEIK
K3-20,human VK3-20,TTACTGTTTCTTCTGCATCTACT,CAATCCGTTTCCTCCTCTTAC,GGTGCTTCT,,QSVSSSY,GAS,GAAATTGTCTTGACTCAATCTCCAGGTACTTTGTCTTTGTCCCCTGGTGAAAGAGCTACCCTATCTTGTCGTGCCTCTCAATCCGTTTCCTCCTCTTACTTGGCTTGGTACCAACAAAAGCCAGGTCAAGCTCCAAGATTATTGATTTATGGTGCTTCTTCCAGAGCCACTGGTATCCCAGACAGATTCAGTGGCTCAGGTTCCGGTACTGATTTCACCTTGACCATCTCTAGATTGGAACCAGAAGACTTTGCTGTCTACTACTGTCAACAATACGGTTCTTCTCCAAGAACTTTCGGTCAAGGTACCAAGGTTGAAATCAAA,EIVLTQSPGTLSLSPGERATLSCRASQSVSSSYLAWYQQKPGQAPRLLIYGASSRATGIPDRFSGSGSGTDFTLTISRLEPEDFAVYYCQQYGSSPRTFGQGTKVEIK
K4-1_C,human VK4-1,TAACCGTGTCA,CAATCCGTCTTATACTCTTCCAATAACAAGAACTAC,TGGGCTTCT,,QSVLYSSNNKNY,WAS,GACATTGTTATGACTCAATCTCCTGATTCACTAGCCGTCTCCTTGGGTGAAAGAGCTACCATCAACTGTAAGTCTTCTCAATCCGTCTTATACTCTTCCAATAACAAGAACTACTTGGCTTGGTACCAACAAAAGCCAGGTCAACCACCAAAGTTGTTGATCTACTGGGCTTCTACCCGTGAATCTGGTGTTCCAGACAGATTCTCTGGTTCCGGTAGTGGTACTGACTTTACTTTGACCATTTCCTCTTTGCAAGCTGAAGATGTTGCTGTCTACTACTGTCAACAATACTATTCCACTCCATTGACTTTCGGTCAAGGTACCAAGGTTGAAATCAAA,DIVMTQSPDSLAVSLGERATINCKSSQSVLYSSNNKNYLAWYQQKPGQPPKLLIYWASTRESGVPDRFSGSGSGTDFTLTISSLQAEDVAVYYCQQYYSTPLTFGQGTKVEIK
