Name,Germline,CDR1_NT,CDR2_NT,CDR3_NT,CDR1_AA,CDR2_AA,DNA seq,Amino acid seq
H1-46,human VH1-46,GGTTATACTTTTACGTCTTACTAT,ATCAAACCATCTGGTGGTTCTACT,,GYTFTSYY,IKPSGGST,CAAGTTCAATTGGTTCAATCTGGGGCTGAAGTTAAAAAGCCAGGTGCATCTGTTAAAGTTTCTTGTAAAGCTTCTGGTTATACTTTTACGTCTTACTATATGCATTGGGTTAGACAAGCTCCAGGTCAAGGTTTGGAATGGATGGGTATTATCAAACCATCTGGTGGTTCTACTTCTTATGCTCAAAAATTCCAAGGTAGAGTTACTATGACCAGGGACACTTCCACATCCACAGTTTATATGGAATTGTCTTCTTTGAGATCTGAAGACACTGCAGTCTACTACTGCGCCAGA,QVQLVQSGAEVKKPGASVKVSCKASGYTFTSYYMHWVRQAPGQGLEWMGIIKPSGGSTSYAQKFQGRVTMTRDTSTSTVYMELSSLRSEDTAVYYC
H1-69,human VH1-69,GGTGGTACTTTTTCTTCTTATGCT,ATTATTCCAATTTTTGGTACTGCT,,GGTFSSYA ,IIPIFGTA,CAAGTTCAATTGGTTCAATCTGGTGCTGAAGTTAAAAAGCCTGGTTCTTCTGTTAAGGTTTCTTGTAAAGCTTCTGGTGGTACTTTTTCTTCTTATGCTATTTCTTGGGTTAGACAAGCTCCAGGTCAAGGTTTGGAATGGATGGGTGGTATTATTCCAATTTTTGGTACTGCTAATTATGCTCAAAAGTTTCAAGGTAGAGTTACTATAACAGCGGATGAATCCACATCCACTGCTTATATGGAATTGTCTTCTTTGAGATCTGAAGACACTGCAGTCTACTACTGCGCCAGA,QVQLVQSGAEVKKPGSSVKVSCKASGGTFSSYAISWVRQAPGQGLEWMGGIIPIFGTANYAQKFQGRVTITADESTSTAYMELSSLRSEDTAVYYC
H3-15,human VH3-15,GGTTTCACTTTTTCTAATGCTTGG,ATTAAGAGTAAAACCGATGGTGGTACTACT,,GFTFSNAW,IKSKTDGGTT,GAAGTTCAATTGGTTGAATCTGGTGGTGGATTGGTTAAACCAGGTGGTTCCTTGAGATTGTCTTGTGCTGCTTCTGGTTTCACTTTTTCTAATGCTTGGATGTCTTGGGTTAGACAAGCTCCAGGTAAAGGTTTGGAATGGGTGGGTCGTATTAAGAGTAAAACCGATGGTGGTACTACTGATTATGCTGCTCCAGTTAAAGGTAGATTTACTATCTCCAGGGACGACTCCAAGAACACTTTGTATCTGCAAATGAATTCTTTGAAAACTGAAGACACTGCAGTCTACTACTGCGCCAGA,EVQLVESGGGLVKPGGSLRLSCAASGFTFSNAWMSWVRQAPGKGLEWVGRIKSKTDGGTTDYAAPVKGRFTISRDDSKNTLYLQMNSLKTEDTAVYYC
H3-23,human VH3-23,GGTTTTACTTTTTCTTCTTATGCT,ATATCTGGTTCTGGTGGTTCTACT,,GFTFSSYA, ISGSGGST ,GAAGTTCAATTGTTGGAATCAGGTGGTGGGTTGGTTCAACCAGGGGGTTCTTTGCGTTTGTCTTGTGCTGCTTCTGGTTTTACTTTTTCTTCTTATGCTATGTCTTGGGTCAGGCAAGCTCCAGGCAAGGGTTTGGAGTGGGTGTCTGCTATATCTGGTTCTGGTGGTTCTACTTATTATGCTGATTCTGTTAAAGGTAGATTTACTATTTCTAGAGATAATTCCAAAAATACTTTGTACTTGCAAATGAATTCTTTGAGAGCTGAGGACACTGCAGTCTACTACTGCGCCAGA,EVQLLESGGGLVQPGGSLRLSCAASGFTFSSYAMSWVRQAPGKGLEWVSAISGSGGSTYYADSVKGRFTISRDNSKNTLYLQMNSLRAEDTAVYYC
H3-23_A,human VH3-23,GGTTTTACTTTTTCTTCTTATGCT,ATATCTTCATCTGGTTCTACTATT,,GFTFSSYA ,ISSSGSTI,GAAGTTCAATTGTTGGAATCAGGTGGTGGGTTGGTTCAACCAGGGGGTTCTTTGCGTTTGTCTTGTGCTGCTTCTGGTTTTACTTTTTCTTCTTATGCTATGTCTTGGGTCAGGCAAGCTCCAGGCAAGGGTTTGGAGTGGGTGTCTTATATATCTTCATCTGGTTCTACTATTTATTATGCTGATTCTGTTAAAGGTAGATTTACTATTTCTAGAGATAATTCCAAAAATACTTTGTACTTGCAAATGAATTCTTTGAGAGCTGAGGACACTGCAGTCTACTAC,EVQLLESGGGLVQPGGSLRLSCAASGFTFSSYAMSWVRQAPGKGLEWVSYISSSGSTIYYADSVKGRFTISRDNSKNTLYLQMNSLRAEDTAVYYC
H3-7,human VH3-7,GGTTTTACTTTTTCTTCTTATTGG,ATCAAACAAGATGGTTCTGAAAAG,,GFTFSSYW  ,IKQDGSEK,GAAGTTCAATTAGTTGAATCTGGTGGTGGTTTGGTTCAACCAGGTGGTTCTTTGAGATTGTCTTGTGCTGCTTCTGGTTTTACTTTTTCTTCTTATTGGATGTCTTGGGTTAGACAAGCTCCAGGTAAAGGTTTGGAATGGGTTGCTAATATCAAACAAGATGGTTCTGAAAAGTATTATGTTGATTCTGTTAAAGGTAGATTCACTATCTCCAGGGATAATGCCAAGAACTCATTGTATTTGCAGATGAATTCCTTGAGAGCTGAAGACACTGCAGTCTACTACTGCGCCAGA,EVQLVESGGGLVQPGGSLRLSCAASGFTFSSYWMSWVRQAPGKGLEWVANIKQDGSEKYYVDSVKGRFTISRDNAKNSLYLQMNSLRAEDTAVYYC
H3-7_A,human VH3-7,GGTTTTACTTTTTCTTCTTATTGG,ATCAAACAAGAAGGTTCTGAAAAG,,GFTFSSYW ,IKQEGSEK,GAAGTTCAATTAGTTGAATCTGGTGGTGGTTTGGTTCAACCAGGTGGTTCTTTGAGATTGTCTTGTGCTGCTTCTGGTTTTACTTTTTCTTCTTATTGGATGTCTTGGGTTAGACAAGCTCCAGGTAAAGGTTTGGAATGGGTTGCTAATATCAAACAAGAAGGTTCTGAAAAGTATTATGTTGATTCTGTTAAAGGTAGATTCACTATCTCCAGGGATAATGCCAAGAACTCATTGTATTTGCAGATGAATTCCTTGAGAGCTGAAGACACTGCAGTCTACTAC,EVQLVESGGGLVQPGGSLRLSCAASGFTFSSYWMSWVRQAPGKGLEWVANIKQEGSEKYYVDSVKGRFTISRDNAKNSLYLQMNSLRAEDTAVYYC
H4-34,human VH4-34,GGTGGTTCTTTCTCCGGTTACTCT,ATCAATCACTCTGGTTCCACC,,GGSFSGYS,INHSGST,CAAGTCCAATTGCAACAATGGGGTGCTGGTTTATTGAAGCCATCTGAAACTTTGTCCTTGACTTGTGCTGTCTACGGTGGTTCTTTCTCCGGTTACTCTTGGTCTTGGATCAGACAACCACCAGGTAAGGGTTTGGAATGGATTGGTGAAATCAATCACTCTGGTTCCACCAACTACAACCCAAGTCTAAAATCACGTGTCACCATTTCCGTTGACACTTCCAAGAACCAATTCTCTTTGAAGTTGTCTTCTGTTACCGCCGCTGATACTGCTGTTTATTAC,QVQLQQWGAGLLKPSETLSLTCAVYGGSFSGYSWSWIRQPPGKGLEWIGEINHSGSTNYNPSLKSRVTISVDTSKNQFSLKLSSVTAADTAVYYC
H4-39,human VH4-39,GGTGGTTCCATTAGCTCTTCTTCTTATTAC,ATATACTATTCTGGTTCAACT,,GGSISSSSYY ,IYYSGST,CAATTGCAGTTGCAAGAATCTGGTCCAGGTCTTGTTAAACCATCTGAAACTTTGTCTTTGACTTGTACTGTTTCTGGTGGTTCCATTAGCTCTTCTTCTTATTACTGGGGTTGGATTAGACAACCCCCAGGTAAAGGTTTGGAATGGATTGGTTCTATATACTATTCTGGTTCAACTTATTATGCTCCATCCTTGAAATCTAGAGTTACTATCTCCGTGGACACTTCCAAGAACCAATTTTCTTTGAAATTGTCTTCTGTTACTGCTGCTGACACTGCAGTCTACTACTGCGCCAGA,QLQLQESGPGLVKPSETLSLTCTVSGGSISSSSYYWGWIRQPPGKGLEWIGSIYYSGSTYYAPSLKSRVTISVDTSKNQFSLKLSSVTAADTAVYYCAR
H5-51,human VH5-51,GGTTATTCTTTTACTTCTTATTGG,ATCTACCCCGGTGATTCTGATACT,,GYSFTSYW ,IYPGDSDT,GAAGTTCAATTGGTTCAATCTGGTGCTGAAGTCAAAAAACCAGGTGAATCTTTGAAAATTTCTTGCAAAGGTTCTGGTTATTCTTTTACTTCTTATTGGATTGGTTGGGTTAGACAAATGCCAGGTAAAGGTTTGGAATGGATGGGTATAATCTACCCCGGTGATTCTGATACTAGATATTCTCCATCTTTTCAAGGTCAAGTTACTATCTCCGCAGACAAGTCCATATCCACTGCTTATTTGCAATGGTCTTCTTTGAAGGCTAGTGACACTGCAGTCTACTACTGCGCCAGA,EVQLVQSGAEVKKPGESLKISCKGSGYSFTSYWIGWVRQMPGKGLEWMGIIYPGDSDTRYSPSFQGQVTISADKSISTAYLQWSSLKASDTAVYYCAR
H5-51_A,human VH5-51,GGTTATTCTTTTACTTCTTATTGG,ATCTACCCCGGTTATTCTGATACT,,GYSFTSYW,IYPGYSDT ,GAAGTTCAATTGGTTCAATCTGGTGCTGAAGTCAAAAAACCAGGTGAATCTTTGAAAATTTCTTGCAAAGGTTCTGGTTATTCTTTTACTTCTTATTGGATTGGTTGGGTTAGACAAATGCCAGGTAAAGGTTTGGAATGGATGGGTATAATCTACCCCGGTTATTCTGATACTAGATATTCTCCATCTTTTCAAGGTCAAGTTACTATCTCCGCAGACAAGTCCATATCCACTGCTTATTTGCAATGGTCTTCTTTGAAGGCTAGTGACACTGCAGTCTACTAC,EVQLVQSGAEVKKPGESLKISCKGSGYSFTSYWIGWVRQMPGKGLEWMGIIYPGYSDTRYSPSFQGQVTISADKSISTAYLQWSSLKASDTAVYYC
IPI-VHH-101,camelized Human VH3-23,GGTTTCACCTTTAGCAGCGATGCT,ATTTCGGGTTCCGGTGGTAGCACC,,GFTFSSDA,ISGSGGST,GAAGTTCAATTGGTTGAATCTGGTGGTGGCCTGGTGCAACCAGGTGGTTCTTTGAGACTGAGCTGTGCAGCAAGTGGTTTCACCTTTAGCAGCGATGCTATGGGCTGGTACCGTCAGGCACCGGGTAAAGAACGTGAATTAGTCTGTGCCATTTCGGGTTCCGGTGGTAGCACCTACTATGCTGATAGCGTTAAAGGTCGTTTTACCTGCTCTAGAGACAACTCCAAGAACACTTTATATCTGCAGATGAATAGCCTGCGTGCTGAAGATACTGCAGTCTACTACTGTGCAAGGGGTTATGGAATGgacgtatggggacaaggtactttggtcacggtatccagt,EVQLVESGGGLVQPGGSLRLSCAASGFTFSSDAMGWYRQAPGKERELVCAISGSGGSTYYADSVKGRFTCSRDNSKNTLYLQMNSLRAEDTAVYYCARGYGMDVWGQGTLVTVSS
K1-39,human VK1-39,CAATCTATTTCTAGCTAT,GCAGCTTCT,,QSISSY ,AAS,GATATACAAATGACTCAGTCTCCATCTTCTTTGTCTGCTTCTGTTGGTGATAGAGTTACTATTACTTGTAGAGCTTCTCAATCTATTTCTAGCTATTTGAATTGGTATCAGCAAAAACCAGGGAAAGCTCCAAAATTGCTAATTTACGCAGCTTCTAGTTTACAATCTGGTGTTCCAAGTAGATTTTCTGGCTCTGGTTCTGGAACTGATTTTACTTTGACTATTAGCTCTTTGCAACCAGAAGATTTTGCTACTTATTACTGTCAACAATCTTATTCTACTCCATATACTTTTGGTCAAGGTACTAAATTGGAAATTAAG,DIQMTQSPSSLSASVGDRVTITCRASQSISSYLNWYQQKPGKAPKLLIYAASSLQSGVPSRFSGSGSGTDFTLTISSLQPEDFATYYCQQSYSTPYTFGQGTKLEIK
K3-15,human VK3-15,CAATCTGTGTCTAGTAAT,GGTGCTTCT,,QSVSSN,GAS,GAAATTGTTATGACACAATCCCCAGCTACTTTGTCAGTTTCACCTGGTGAAAGGGCTACCTTGTCTTGTAGAGCTTCTCAATCTGTGTCTAGTAATCTAGCTTGGTATCAACAAAAACCAGGTCAAGCTCCCAGATTGCTTATCTATGGTGCTTCTACTAGAGCTACGGGTATTCCAGCCAGATTTTCTGGTTCAGGTTCTGGTACTGAATTTACTTTGACTATTTCCAGCTTACAGTCAGAAGATTTCGCTGTATACTATTGTCAACAATACAATAATTGGCCATTGACTTTTGGTCAAGGTACTAAATTGGAAATTAAG,EIVMTQSPATLSVSPGERATLSCRASQSVSSNLAWYQQKPGQAPRLLIYGASTRATGIPARFSGSGSGTEFTLTISSLQSEDFAVYYCQQYNNWPLTFGQGTKLEIK
K3-20,human VK3-20,CAATCCGTTTCCTCCTCTTAC,GGTGCTTCT,,QSVSSSY,GAS,GAAATTGTCTTGACTCAATCTCCAGGTACTTTGTCTTTGTCCCCTGGTGAAAGAGCTACCCTATCTTGTCGTGCCTCTCAATCCGTTTCCTCCTCTTACTTGGCTTGGTACCAACAAAAGCCAGGTCAAGCTCCAAGATTATTGATTTATGGTGCTTCTTCCAGAGCCACTGGTATCCCAGACAGATTCAGTGGCTCAGGTTCCGGTACTGATTTCACCTTGACCATCTCTAGATTGGAACCAGAAGACTTTGCTGTCTACTACTGTCAACAATACGGTTCTTCTCCAAGAACTTTCGGTCAAGGTACCAAGGTTGAAATCAAA,EIVLTQSPGTLSLSPGERATLSCRASQSVSSSYLAWYQQKPGQAPRLLIYGASSRATGIPDRFSGSGSGTDFTLTISRLEPEDFAVYYCQQYGSSPRTFGQGTKVEIK
K4-1,human VK4-1,CAATCCGTCTTATATTCATCCAACTCCAAGAACTAC,TGGGCTTCT,,QSVLYSSNSKNY,WAS,GACATTGTTATGACTCAATCTCCAGATTCTCTAGCCGTCTCCTTGGGTGAAAGAGCTACCATCAACTGTAAGTCTTCTCAATCCGTCTTATATTCATCCAACTCCAAGAACTACTTGGCTTGGTACCAACAAAAGCCAGGTCAACCACCAAAGTTGTTGATCTACTGGGCTTCTACCAGAGAATCTGGTGTTCCAGACCGTTTTAGTGGTTCCGGTTCTGGTACTGATTTCACTTTGACCATTTCCTCTTTGCAAGCTGAAGATGTTGCTGTCTACTACTGTCAACAATACGACTCTGCCCCTCCATGGACTTTCGGTCAAGGTACCAAGGTTGAAATCAAA,DIVMTQSPDSLAVSLGERATINCKSSQSVLYSSNSKNYLAWYQQKPGQPPKLLIYWASTRESGVPDRFSGSGSGTDFTLTISSLQAEDVAVYYCQQYDSAPPWTFGQGTKVEIK
K4-1_C,human VK4-1,CAATCCGTCTTATACTCTTCCAATAACAAGAACTAC,TGGGCTTCT,,QSVLYSSNNKNY,WAS,GACATTGTTATGACTCAATCTCCTGATTCACTAGCCGTCTCCTTGGGTGAAAGAGCTACCATCAACTGTAAGTCTTCTCAATCCGTCTTATACTCTTCCAATAACAAGAACTACTTGGCTTGGTACCAACAAAAGCCAGGTCAACCACCAAAGTTGTTGATCTACTGGGCTTCTACCCGTGAATCTGGTGTTCCAGACAGATTCTCTGGTTCCGGTAGTGGTACTGACTTTACTTTGACCATTTCCTCTTTGCAAGCTGAAGATGTTGCTGTCTACTACTGTCAACAATACTATTCCACTCCATTGACTTTCGGTCAAGGTACCAAGGTTGAAATCAAA,DIVMTQSPDSLAVSLGERATINCKSSQSVLYSSNNKNYLAWYQQKPGQPPKLLIYWASTRESGVPDRFSGSGSGTDFTLTISSLQAEDVAVYYCQQYYSTPLTFGQGTKVEIK
L1-51,human VL1-51,TCTAGCAATATAGGTAACAATTAT,GATAATAAC,,SSNIGNNY,DNN,CAATCTGTTTTGACTCAACCACCATCTGTCTCTGCTGCTCCAGGTCAAAAAGTTACTATTTCTTGTTCTGGCTCTTCTAGCAATATAGGTAACAATTATGTTTCTTGGTATCAACAGTTGCCAGGTACTGCGCCAAAATTGTTGATTTATGATAATAACAAGAGACCCTCTGGTATTCCAGATAGATTTTCTGGTTCAAAATCTGGTACTTCTGCTACTTTGGGTATTACTGGTTTACAAACGGGTGATGAAGCTGACTATTATTGTGGTACATGGGATTCTTCTTTGTCTGCTGTTGTTTTTGGTGGTGGTACTAAATTGACTGTCCTA,QSVLTQPPSVSAAPGQKVTISCSGSSSNIGNNYVSWYQQLPGTAPKLLIYDNNKRPSGIPDRFSGSKSGTSATLGITGLQTGDEADYYCGTWDSSLSAVVFGGGTKLTVL
L2-14,human VL2-14,AGCAGTGACGTTGGTGGTTATAACTAT,GAGGTCAGT,,SSDVGGYNY,EVS ,CAGTCTGCCCTGACTCAGCCTGCCTCCGTGTCTGGGTCTCCTGGACAGTCGATCACCATCTCCTGCACTGGAACCAGCAGTGACGTTGGTGGTTATAACTATGTCTCCTGGTACCAACAGCACCCAGGCAAAGCCCCCAAACTCATGATTTATGAGGTCAGTAATCGGCCCTCAGGGGTTTCTAATCGCTTCTCTGGCTCCAAGTCTGGCAACACGGCCTCCCTGACCATCTCTGGGCTCCAGGCTGAGGACGAGGCTGATTATTACTGCAGCTCATATACAAGCAGCAGCACTCTCGTTGTTTTTGGTGGTGGTACTAAATTGACTGTCCTA,QSALTQPASVSGSPGQSITISCTGTSSDVGGYNYVSWYQQHPGKAPKLMIYEVSNRPSGVSNRFSGSKSGNTASLTISGLQAEDEADYYCSSYTSSSTLVVFGGGTKLTVL
